{"mean":{"confidence_interval":{"confidence_level":0.95,"lower_bound":1046007.8049499971,"upper_bound":1066142.408992528},"point_estimate":1055556.8284537762,"standard_error":5147.487946554011},"median":{"confidence_interval":{"confidence_level":0.95,"lower_bound":1028037.8372093023,"upper_bound":1045794.5609756098},"point_estimate":1036223.1535360211,"standard_error":4968.610185430695},"median_abs_dev":{"confidence_interval":{"confidence_level":0.95,"lower_bound":16450.199534261435,"upper_bound":36871.43580676479},"point_estimate":27166.135929542954,"standard_error":5852.265307362241},"slope":{"confidence_interval":{"confidence_level":0.95,"lower_bound":1048522.5764811308,"upper_bound":1084409.8086763683},"point_estimate":1065072.1683670755,"standard_error":9196.445790606535},"std_dev":{"confidence_interval":{"confidence_level":0.95,"lower_bound":38304.37487276135,"upper_bound":63749.55746472487},"point_estimate":51650.50709017951,"standard_error":6504.289401217564}}