{"mean":{"confidence_interval":{"confidence_level":0.95,"lower_bound":1759557.682307034,"upper_bound":1781322.0937038567},"point_estimate":1770647.7305235737,"standard_error":5538.383626768898},"median":{"confidence_interval":{"confidence_level":0.95,"lower_bound":1768850.8573232323,"upper_bound":1800815.7196969697},"point_estimate":1782503.7468354432,"standard_error":9468.313230972175},"median_abs_dev":{"confidence_interval":{"confidence_level":0.95,"lower_bound":30498.916370296978,"upper_bound":67572.59437132784},"point_estimate":50678.89123360306,"standard_error":11133.639715135681},"slope":{"confidence_interval":{"confidence_level":0.95,"lower_bound":1718661.3148598468,"upper_bound":1752378.7552526735},"point_estimate":1735319.5709945322,"standard_error":8630.84474497863},"std_dev":{"confidence_interval":{"confidence_level":0.95,"lower_bound":46241.16466784173,"upper_bound":63820.28279088551},"point_estimate":55783.87111940745,"standard_error":4492.170036345219}}